keyword,tfidf_score
worst,26.294267853863364
poor,12.894754548364443
crashes,12.28632241465069
bad,11.60721694832397
crashing,7.428896069098437
