keyword,tfidf_score
nice,9.77610424407449
apps,6.5743531708197045
awesome,5.3598299962895455
ethiopia,5.180215152284227
previous,5.045837387405335
