keyword,tfidf_score
bad,32.95536009992939
worst,25.960697228664422
network,25.788025312443136
sync,24.060606005780308
poor,21.49632393098635
