keyword,tfidf_score
nice,145.98316857108398
simple,57.59689318765538
amazing,52.047905414601416
love,49.29622738109672
ethiopia,44.43691726956421
