keyword,tfidf_score
amazing,17.300852011703
step,12.133709075079313
secure,7.057144935017457
supper,6.434895843682617
friendly,6.332668093908968
