keyword,tfidf_score
speed,3.853868602330089
disappointing,3.0692301163719944
improvement,2.6357296394772765
lacks,1.7071067811865475
worst,1.7071067811865475
